timestamp,device,alert_count
2025-05-09 16:42:32,seat001,13
2025-05-09 17:47:47,seat001,20
2025-05-09 17:48:51,seat001,21
2025-05-09 17:50:07,seat001,22
2025-05-09 17:51:11,seat001,23
2025-05-09 17:55:45,seat001,24
2025-05-09 17:59:55,seat001,25
2025-05-09 18:01:55,seat001,26
2025-05-09 18:03:55,seat001,27
2025-05-09 18:04:15,seat001,28
2025-05-09 18:19:14,seat001,29
2025-05-09 18:21:14,seat001,30
2025-05-09 18:25:54,seat001,31
2025-05-09 18:31:09,seat001,32
2025-05-09 18:32:03,seat001,33
2025-05-09 18:44:23,seat001,34
2025-05-09 18:45:31,seat001,35
2025-05-09 18:46:35,seat001,36
2025-05-09 18:47:53,seat001,37
2025-05-09 18:49:06,seat001,38
2025-05-09 18:50:41,seat001,39
2025-05-09 18:51:30,seat001,40
2025-05-09 18:52:33,seat001,41
2025-05-09 18:53:53,seat001,42
2025-05-09 18:55:01,seat001,43
2025-05-09 18:58:26,seat001,44
2025-05-11 17:18:25,seat001,1
